chip,filter,ccd,r0,alpha,beta,off,fwhm,seeing
rf1c1,r-SLOAN,f1c1,4.513451435559431,2.1162981523381097,6.331890764449965,0.4,4.782855167646042,1.0785338403041824
rf1c2,r-SLOAN,f1c2,11.798201728838128,1.904903417697782,25.278779622304192,0.4,5.079558948261238,1.1454405428329093
